Workbook

Sheet TASK 1
A1: Task 1 – High-Risk Medicine Audit & Error Detection
B7: In Task 1, • I designed a daily audit process to proactively identify errors involving high-risk medicines in a clinic pharmacy. • I standardized medicine names using normalization and mapped multiple name variants to a single canonical medicine to prevent billing and inventory mismatches. • High-risk medicines were prioritized based on their potential for name, quantity, and strength-related errors. • A daily checklist was used to manually audit a sample of transactions to validate prescription accuracy and detect anomalies. • Stock movements were reconciled against expected closing balances using tolerance thresholds to flag material deviations. • Identified issues were logged, tracked for recurrence, and escalated to doctors only when the risk or financial impact was significant.
J21: Made By : Pradyuman Gupta

Sheet High Risk Medicines
A1: High-Risk Medicines Master – Daily Audit Control
M2: Made By : Pradyuman Gupta
B3: Purpose: This sheet maintains the master list of medicines with higher risk of billing, naming, or inventory errors. It defines canonical medicine names, risk levels, and tolerance thresholds used in daily audits and reconciliations. This sheet acts as a control reference and is updated only when new risks or medicines are identified.
B8: Date | C8: Medicine ID | D8: Canonical Name ( Official Name ) | E8: Normalized Key | F8: Risk Level | G8: Unit | H8: Why High Risk | I8: Tolerance | J8: Active
B9: 46023 | C9: M001 | D9: Dolo 650 | E9: =IFERROR(__xludf.DUMMYFUNCTION("LOWER(REGEXREPLACE(TRIM(CLEAN(D9)),""[^A-Za-z0-9]"",""""))"),"dolo650") -> dolo650 | F9: Very High | G9: Tablet | H9: Name + Quantity + Inventory | I9: 2 | J9: YES
B10: 46024 | C10: M002 | D10: Azithromycin 500 | E10: =IFERROR(__xludf.DUMMYFUNCTION("LOWER(REGEXREPLACE(TRIM(CLEAN(D10)),""[^A-Za-z0-9]"",""""))"),"azithromycin500") -> azithromycin500 | F10: High | G10: Strip | H10: Name + Quantity + Strength | I10: 2 | J10: YES
B11: 46025 | C11: M003 | D11: Pantoprazole 40 | E11: =IFERROR(__xludf.DUMMYFUNCTION("LOWER(REGEXREPLACE(TRIM(CLEAN(D11)),""[^A-Za-z0-9]"",""""))"),"pantoprazole40") -> pantoprazole40 | F11: Medium | G11: Tablet | H11: Brand + Quantity + Strength | I11: 3 | J11: YES
B12: 46026 | C12: M004 | D12: Cetirizine 10 | E12: =IFERROR(__xludf.DUMMYFUNCTION("LOWER(REGEXREPLACE(TRIM(CLEAN(D12)),""[^A-Za-z0-9]"",""""))"),"cetirizine10") -> cetirizine10 | F12: Medium | G12: Tablet | H12: Name + Quantity + Inventory | I12: 3 | J12: YES
B13: 46027 | C13: M005 | D13: Dolo 650 mg | E13: =IFERROR(__xludf.DUMMYFUNCTION("LOWER(REGEXREPLACE(TRIM(CLEAN(D13)),""[^A-Za-z0-9]"",""""))"),"dolo650mg") -> dolo650mg | F13: LOW | G13: Strip | H13: Name + Quantity + Inventory | I13: 2 | J13: YES
B20: NOTE : Only medicines marked as Active are included in daily reconciliation and audit checks. Tolerance thresholds are defined based on historical error patterns and clinical risk.

Sheet Name Variants
A1: Medicine Name Variants & Normalization Log
C3: Purpose: This sheet captures all observed variations in medicine names entered during billing or sales. It standardizes multiple spellings, abbreviations, and brand variations into a single canonical medicine name. This helps prevent billing errors, duplicate inventory records, and reconciliation mismatches over time. | M3: Made By : Pradyuman Gupta
B11: Entered Name | C11: Normalized Key | D11: Canonical Name ( Official Name ) | E11: Reason (Spelling / Abbrev / Dosage / Case) | F11: First Seen Date | G11: Seen Before? | H11: Action Taken
B12: DOLO KIND | C12: =IFERROR(__xludf.DUMMYFUNCTION("LOWER(REGEXREPLACE(TRIM(CLEAN(B12)),""[^A-Za-z0-9]"",""""))"),"dolokind") -> dolokind | D12: {=IFERROR( XLOOKUP( C12, 'High Risk Medicines'!D:D, 'High Risk Medicines'!C:C ), "UNMAPPED" )} -> UNMAPPED | E12: Case variation | F12: 46023 | G12: =IF(COUNTIF($C$12:C12,C12)>1,"YES","NO") -> NO | H12: Needs Review
B13: DOLO 650 | C13: =IFERROR(__xludf.DUMMYFUNCTION("LOWER(REGEXREPLACE(TRIM(CLEAN(B13)),""[^A-Za-z0-9]"",""""))"),"dolo650") -> dolo650 | D13: {=IFERROR( XLOOKUP( C13, 'High Risk Medicines'!E:E, 'High Risk Medicines'!D:D ), "UNMAPPED" )} -> Dolo 650 | E13: Case variation | F13: 46024 | G13: =IF(COUNTIF($C$12:C13,C13)>1,"YES","NO") -> NO | H13: Mapped
B14: Dolo-650mg | C14: =IFERROR(__xludf.DUMMYFUNCTION("LOWER(REGEXREPLACE(TRIM(CLEAN(B14)),""[^A-Za-z0-9]"",""""))"),"dolo650mg") -> dolo650mg | D14: {=IFERROR( XLOOKUP( C14, 'High Risk Medicines'!E:E, 'High Risk Medicines'!D:D ), "UNMAPPED" )} -> Dolo 650 mg | E14: Spelling | F14: 46025 | G14: =IF(COUNTIF($C$12:C14,C14)>1,"YES","NO") -> NO | H14: Normalized
B15: AZITHRO 500 | C15: =IFERROR(__xludf.DUMMYFUNCTION("LOWER(REGEXREPLACE(TRIM(CLEAN(B15)),""[^A-Za-z0-9]"",""""))"),"azithro500") -> azithro500 | D15: {=IFERROR( XLOOKUP( C15, 'High Risk Medicines'!E:E, 'High Risk Medicines'!D:D ), "UNMAPPED" )} -> UNMAPPED | E15: Abbreviation | F15: 46026 | G15: =IF(COUNTIF($C$12:C15,C15)>1,"YES","NO") -> NO | H15: Mapped
C16: =IFERROR(__xludf.DUMMYFUNCTION("LOWER(REGEXREPLACE(TRIM(CLEAN(B16)),""[^A-Za-z0-9]"",""""))"),"")
C22: NOTE : New variants marked as UNMAPPED are reviewed daily and mapped before inclusion in reconciliation and audit checks.

Sheet Sales Mapped
A1: Sales Transactions – Normalized & Mapped View
C3: Purpose: This sheet captures daily sales transactions and standardizes entered medicine names using normalization and canonical mapping. It identifies unmapped or incorrect medicine entries and prepares clean, validated data for daily audit and reconciliation. This sheet acts as the primary input for name-variant detection and risk review. | M3: Made By : Pradyuman Gupta
B9: Date | C9: Bill No | D9: Entered Name | E9: Normalized Key | F9: Canonical Name ( Official Name ) | G9: Mapping Status | H9: Invoice No | I9: Sold Qty
B10: 46023 | C10: B001 | D10: DOLO 600 | E10: =IFERROR(__xludf.DUMMYFUNCTION("LOWER(REGEXREPLACE(TRIM(CLEAN(D10)),""[^A-Za-z0-9]"",""""))"),"dolo600") -> dolo600 | F10: {=IFERROR( XLOOKUP( E10, 'High Risk Medicines'!E:E, 'High Risk Medicines'!D:D ), "UNMAPPED" )} -> UNMAPPED | G10: =IF(F10="UNMAPPED","ERROR","OK") -> ERROR | H10: INV101 | I10: 6
B11: 46024 | C11: B002 | D11: DOLO 650 | E11: =IFERROR(__xludf.DUMMYFUNCTION("LOWER(REGEXREPLACE(TRIM(CLEAN(D11)),""[^A-Za-z0-9]"",""""))"),"dolo650") -> dolo650 | F11: {=IFERROR( XLOOKUP( E11, 'High Risk Medicines'!E:E, 'High Risk Medicines'!D:D ), "UNMAPPED" )} -> Dolo 650 | G11: =IF(F11="UNMAPPED","ERROR","OK") -> OK | H11: INV102 | I11: 4
B12: 46025 | C12: B003 | D12: AZITHRO 500 | E12: =IFERROR(__xludf.DUMMYFUNCTION("LOWER(REGEXREPLACE(TRIM(CLEAN(D12)),""[^A-Za-z0-9]"",""""))"),"azithro500") -> azithro500 | F12: {=IFERROR( XLOOKUP( E12, 'High Risk Medicines'!E:E, 'High Risk Medicines'!D:D ), "UNMAPPED" )} -> UNMAPPED | G12: =IF(F12="UNMAPPED","ERROR","OK") -> ERROR | H12: INV103 | I12: 5
B13: 46026 | C13: B004 | D13: CETIRIZINE 10 | E13: =IFERROR(__xludf.DUMMYFUNCTION("LOWER(REGEXREPLACE(TRIM(CLEAN(D13)),""[^A-Za-z0-9]"",""""))"),"cetirizine10") -> cetirizine10 | F13: {=IFERROR( XLOOKUP( E13, 'High Risk Medicines'!E:E, 'High Risk Medicines'!D:D ), "UNMAPPED" )} -> Cetirizine 10 | G13: =IF(F13="UNMAPPED","ERROR","OK") -> OK | H13: INV104 | I13: 4
B14: 46027 | C14: B005 | D14: DOLO SIX FIVE ZERO | E14: =IFERROR(__xludf.DUMMYFUNCTION("LOWER(REGEXREPLACE(TRIM(CLEAN(D14)),""[^A-Za-z0-9]"",""""))"),"dolosixfivezero") -> dolosixfivezero | F14: {=IFERROR( XLOOKUP( E14, 'High Risk Medicines'!E:E, 'High Risk Medicines'!D:D ), "UNMAPPED" )} -> UNMAPPED | G14: ERROR | H14: INV105 | I14: 3
B15: 46028 | C15: B006 | E15: =IFERROR(__xludf.DUMMYFUNCTION("LOWER(REGEXREPLACE(TRIM(CLEAN(D15)),""[^A-Za-z0-9]"",""""))"),"")

Sheet Daily Checklist
A1: Daily Sales Audit Checklist – High-Risk Medicines
C3: Purpose: This checklist is used for daily manual audit of selected sales transactions, with a focus on high-risk medicines. It validates prescription accuracy, medicine name correctness, and quantity reasonableness. Identified issues are logged for corrective action and escalation when required. | N3: Made By : Pradyuman Gupta
B10: Date | C10: Bill No | D10: Canonical Name ( Official Name ) | E10: Sold Qty | F10: Prescription Match? | G10: Name Correct? | H10: Issue Type | I10: Corrected? | J10: Remarks
B11: 46023 | C11: B001 | D11: ='Sales Mapped'!F10 -> UNMAPPED | E11: ='Sales Mapped'!I10 -> 6 | F11: NO | G11: NO | H11: Abbreviation | I11: NO | J11: Variant not mapped
B12: 46024 | C12: B002 | D12: ='Sales Mapped'!F11 -> Dolo 650 | E12: ='Sales Mapped'!I11 -> 4 | F12: YES | G12: YES | H12: None | I12: YES | J12: -
B13: 46025 | C13: B003 | D13: ='Sales Mapped'!F12 -> UNMAPPED | E13: ='Sales Mapped'!I12 -> 5 | F13: NO | G13: NO | H13: Spelling | I13: NO | J13: Variant not mapped
B14: 46026 | C14: B004 | D14: ='Sales Mapped'!F13 -> Cetirizine 10 | E14: ='Sales Mapped'!I13 -> 4 | F14: YES | G14: YES | H14: None | I14: YES | J14: -
E15: ='Sales Mapped'!I14:I17
C19: Note: A minimum of 3–5 transactions involving high-risk medicines are audited daily. Any unresolved issues are logged in the Error Log for pattern analysis.

Sheet Daily Reconciliation
A1: Daily Inventory Reconciliation – High-Risk Medicines
C3: Purpose: This sheet performs daily reconciliation of inventory for high-risk medicines by comparing system-calculated expected closing stock with actual physical closing stock. Any variance beyond defined tolerance levels is automatically flagged for review and investigation.
O4: Made By : Pradyuman Gupta
B9: Date | C9: Canonical Name ( Official Name ) | D9: Opening Stock | E9: Purchased | F9: Sold | G9: Expected Closing | H9: Actual Closing | I9: Difference | J9: Tolerance | K9: Status (OK / REVIEW)
B10: 46026 | C10: Dolo 650 | D10: 15 | E10: 5 | F10: 10 | G10: =D10+E10-F10 -> 10 | H10: 6 | I10: =SUM(H10,-G10) -> -4 | J10: 2 | K10: =IF(ABS(I10) > J10, "REVIEW", "OK") -> REVIEW
B11: 46026 | C11: Azithromycin 500 | D11: 20 | E11: 0 | F11: 5 | G11: =D11+E11-F11 -> 15 | H11: 15 | I11: =SUM(H11,-G11) -> 0 | J11: 2 | K11: =IF(ABS(I11) > J11, "REVIEW", "OK") -> OK
B12: 46026 | C12: Cetirizine 10 | D12: 30 | E12: 0 | F12: 3 | G12: =D12+E12-F12 -> 27 | H12: 27 | I12: =SUM(H12,-G12) -> 0 | J12: 3 | K12: =IF(ABS(I12) > J12, "REVIEW", "OK") -> OK

Sheet Error Log
A1: Error Log – Confirmed Issues & Root Cause Tracking
C3: Purpose: This sheet records confirmed errors identified through daily audits and reconciliations. It captures error type, source, impact, and corrective actions to support root-cause analysis and prevent recurrence. Only material or repeated issues are logged in this sheet. | O3: Made By : Pradyuman Gupta
B9: Date | C9: Medicine - Canonical Name ( Official Name ) | D9: Error_Type (Name / Qty / Pattern) | E9: Source | F9: Description | G9: Bill No | H9: Impact | I9: Action Taken? | J9: Repeated? | K9: STATUS
B10: 46026 | C10: Dolo 650 | D10: Name | E10: Sales | F10: DOLO KIND entered | G10: B002 | H10: Medium | I10: Added variant mapping | J10: YES | K10: Closed
B11: 46026 | C11: Dolo 650 | D11: Qty | E11: Enventory | F11: Stock mismatch | G11: - | H11: Very High | I11: Physical count done | J11: NO | K11: Open
B12: 46026 | C12: Azithromycin 500 | D12: Pattern | E12: Billing | F12: Same variant recurring | G12: B004 | H12: High | I12: Staff instructed | J12: YES | K12: Closed

Sheet Doctor Escalations
A1: Doctor Escalations – High-Risk Medicine Issues
A3: Purpose: This sheet records issues related to high-risk medicines that require escalation to a doctor due to potential clinical risk, repeated errors, or material inventory discrepancies. It ensures timely communication, documented resolution, and accountability for patient safety. | M3: Made By : Pradyuman Gupta
B9: Date | C9: Medicine - Canonical Name ( Official Name ) | D9: Issue Summary | E9: Financial Impact | F9: Doctor Notified? | G9: Resolution | H9: Status
B10: 46023 | C10: Azithromycin 500 | D10: Stock shortfall beyond tolerance | E10: 1200 | F10: Yes | G10: Physical recount approved | H10: Closed
B11: 46024 | C11: Dolo 650 | D11: Repeated incorrect variants billed | E11: 500 | F11: Yes | G11: Staff retrained | H11: Closed
B12: 46025 | C12: Cetirizine 10 | D12: Unusual high daily sale quantity | E12: 700 | F12: No | G12: Under review | H12: Open
